Method,Mean Distance,Std Error,Method Type
Last State,1.3068596124649048,0.039450112730264664,Baseline
CRL Inferred Goal,0.8757550716400146,0.023241227492690086,CRL
CRL MF Inferred Goal,0.6647089123725891,0.0315888412296772,CRL (Mean Field)
GoalKDE Inferred Goal,1.1400465965270996,0.030289171263575554,GoalKDE
GoalKDE MF Inferred Goal,0.5851010084152222,0.03216397017240524,GoalKDE (Mean Field)
BC Inferred Goal,1.0097299814224243,0.02645285800099373,BC
BC MF Inferred Goal,0.6967960596084595,0.029631106182932854,BC (Mean Field)
